City_ID,City,Lat,Lng,Max Temp,Humidity,Cloudiness,Wind Speed,Country,Date
0,henryetta,35.4398,-95.9819,17.01,52,99,6.92,US,1697212689
1,chichimila,20.6167,-88.2167,31.03,57,94,2.56,MX,1697212689
2,blackmans bay,-43.0167,147.3167,10.07,84,100,0.89,AU,1697212690
3,kamaishi,39.2667,141.8833,14.12,77,43,3.58,JP,1697212690
4,waitangi,-43.9535,-176.5597,12.12,91,2,3.13,NZ,1697212690
5,aginskoye,51.1,114.53,9.67,54,94,2.89,RU,1697212690
6,adamstown,-25.066,-130.1015,20.39,72,100,5.35,PN,1697212690
7,thompson,55.7435,-97.8558,6.09,93,0,2.06,CA,1697212661
8,qaqortoq,60.7167,-46.0333,5.55,55,16,1.31,GL,1697212690
9,calama,-22.4667,-68.9333,26.27,3,0,2.06,CL,1697212690
10,deschutes river woods,43.9915,-121.3584,9.27,79,0,2.06,US,1697212691
11,bredasdorp,-34.5322,20.0403,15.76,71,13,4.64,ZA,1697212691
12,bubaque,11.2833,-15.8333,27.09,76,100,5.84,GW,1697212691
13,copala,16.65,-98.9833,28.49,73,21,1.93,MX,1697212691
14,edinburgh of the seven seas,-37.0676,-12.3116,14.87,97,100,11.84,SH,1697212691
15,santa ana de yacuma,-13.75,-65.4333,27.97,57,75,6.17,BO,1697212691
16,whitehorse,60.7161,-135.0538,7.43,82,75,6.71,CA,1697212394
17,puerto natales,-51.7236,-72.4875,13.25,47,40,9.26,CL,1697212691
18,pico truncado,-46.7949,-67.9573,15.5,29,93,2.82,AR,1697212692
19,cabo san lucas,22.8909,-109.9124,28.75,56,6,3.97,MX,1697212620
20,tura,25.5198,90.2201,21.73,78,0,1.05,IN,1697212623
21,port-aux-francais,-49.35,70.2167,2.45,93,50,10.42,TF,1697212692
22,saint-philippe,-21.3585,55.7679,23.77,80,45,3.16,RE,1697212692
23,constantia,44.1833,28.65,19.38,65,100,1.96,RO,1697212692
24,mount isa,-20.7333,139.5,22.87,15,8,8.75,AU,1697212692
25,krymsk,44.9293,37.9912,16.14,53,43,1.79,RU,1697212692
26,jamestown,42.097,-79.2353,12.48,65,20,2.24,US,1697212693
27,petropavlovsk-kamchatsky,53.0452,158.6483,3.03,73,75,6.71,RU,1697212693
28,wailua homesteads,22.0669,-159.378,22.24,94,0,3.09,US,1697212693
29,papatowai,-46.5619,169.4708,9.3,79,100,2.12,NZ,1697212693
30,invercargill,-46.4,168.35,11.68,71,99,1.34,NZ,1697212242
31,vorgashor,67.5833,63.95,-0.88,75,100,3.16,RU,1697212693
32,grytviken,-54.2811,-36.5092,-0.4,74,62,5.05,GS,1697212693
33,ribeira grande,38.5167,-28.7,19.22,82,75,5.14,PT,1697212693
34,kone,-21.0595,164.8658,19.45,91,14,1.62,NC,1697212694
35,enewetak,11.3474,162.3373,28.19,74,19,2.84,MH,1697212694
36,hawaiian paradise park,19.5933,-154.9731,21.61,93,0,2.06,US,1697212694
37,stanley,54.868,-1.6985,11.7,68,20,9.26,GB,1697212694
38,polovinnoye,54.7914,65.9864,7.39,54,100,8.18,RU,1697212694
39,acarau,-2.8856,-40.12,31.73,57,85,9.38,BR,1697212694
40,novyy urengoy,66.0833,76.6333,0.33,98,100,7.54,RU,1697212508
41,aasiaat,68.7098,-52.8699,-1.59,93,100,7.51,GL,1697212694
42,usakos,-22.0,15.6,27.92,10,0,7.02,NA,1697212695
43,ilulissat,69.2167,-51.1,-0.73,93,100,4.78,GL,1697212695
44,neyyattinkara,8.4,77.0833,26.92,89,72,0.96,IN,1697212695
45,avarua,-21.2078,-159.775,18.03,100,99,1.03,CK,1697212530
46,zima,53.9202,102.0442,4.9,62,99,7.46,RU,1697212695
47,niesky,51.2924,14.8211,21.79,80,100,5.88,DE,1697212695
48,island harbour,50.724,-1.2758,18.99,88,84,3.13,GB,1697212695
49,iqaluit,63.7506,-68.5145,0.85,80,75,1.03,CA,1697212696
50,port-vila,-17.7338,168.3219,23.78,88,40,2.06,VU,1697212696
51,bilibino,68.0546,166.4372,-6.69,95,100,1.57,RU,1697212696
52,udachny,66.4167,112.4,-8.64,78,94,3.04,RU,1697212696
53,rongelap,11.1635,166.8941,28.15,75,99,3.43,MH,1697212696
54,shangqiu,34.45,115.65,17.7,54,24,3.54,CN,1697212696
55,hamilton,39.1834,-84.5333,21.47,63,0,3.6,US,1697212500
56,nuuk,64.1835,-51.7216,3.82,78,100,10.73,GL,1697212697
57,arraial do cabo,-22.9661,-42.0278,23.98,88,75,4.63,BR,1697212553
58,al ghayzah,16.2079,52.176,27.0,73,0,2.99,YE,1697212697
59,hermanus,-34.4187,19.2345,16.33,72,31,5.44,ZA,1697212447
60,naxos,37.1056,25.3764,22.39,71,0,4.02,GR,1697212697
61,tyukhtet,56.5389,89.3011,3.81,75,53,4.26,RU,1697212697
62,puerto ayora,-0.7393,-90.3518,28.98,76,92,4.64,EC,1697212697
63,mhamid,29.82,-5.72,31.33,16,1,4.23,MA,1697212697
64,kavaratti,10.5669,72.642,28.4,72,31,1.92,IN,1697212697
65,usinsk,65.9939,57.5281,-1.07,98,100,2.24,RU,1697212698
66,geraldton,-28.7667,114.6,17.23,77,6,3.6,AU,1697212698
67,tiksi,71.6872,128.8694,-6.07,96,100,2.65,RU,1697212698
68,klyuchi,52.2667,79.1667,6.15,54,28,3.28,RU,1697212698
69,kuqa,41.7278,82.9364,18.58,28,56,0.56,CN,1697212698
70,margaret river,-33.95,115.0667,12.6,90,4,5.96,AU,1697212698
71,hun,29.1268,15.9477,28.1,23,1,2.94,LY,1697212698
72,maputo,-25.9653,32.5892,22.82,78,100,7.2,MZ,1697212698
73,palangkaraya,-2.2,113.8333,25.53,81,59,1.39,ID,1697212699
74,mossel bay,-34.1831,22.146,17.96,79,40,2.67,ZA,1697212626
75,flying fish cove,-10.4217,105.6791,24.82,94,100,3.6,CX,1697212699
76,charlestown,-32.95,151.6667,13.74,76,0,0.89,AU,1697212699
77,sitka,57.0531,-135.33,13.94,62,100,7.2,US,1697212699
78,linqiong,30.4159,103.4609,17.9,85,99,0.35,CN,1697212699
79,nantucket,41.2835,-70.0995,15.08,64,0,7.2,US,1697212611
80,zalesovo,53.9939,84.7431,4.37,82,20,3.39,RU,1697212699
81,uturoa,-16.7333,-151.4333,25.91,76,22,8.36,PF,1697212515
82,yinchuan,38.4681,106.2731,15.5,30,65,1.42,CN,1697212700
83,arteche,12.2645,125.4048,25.23,91,61,1.5,PH,1697212700
84,vilyuchinsk,52.9306,158.4028,3.85,84,92,3.01,RU,1697212700
85,hedemora,60.2797,15.9886,8.83,79,100,1.79,SE,1697212700
86,port elizabeth,-33.918,25.5701,15.16,97,100,4.63,ZA,1697212701
87,lazaro cardenas,17.9583,-102.2,27.63,76,17,0.84,MX,1697212701
88,yellowknife,62.456,-114.3525,8.01,100,100,5.14,CA,1697212502
89,bethel,41.3712,-73.414,15.11,60,0,4.12,US,1697212701
90,san antonio de pale,-1.4014,5.6325,25.94,80,96,3.65,GQ,1697212701
91,at taj,24.2049,23.2857,28.88,22,15,4.42,LY,1697212701
92,pont rouge,48.8833,-72.0825,12.16,82,100,4.3,CA,1697212702
93,mabama,-5.1333,32.5333,27.48,40,81,1.36,TZ,1697212702
94,mandiana,10.6333,-8.6833,30.27,63,81,1.14,GN,1697212702
95,ushuaia,-54.8,-68.3,10.79,77,75,15.43,AR,1697212655
96,aktau,43.65,51.2,14.32,47,100,5.93,KZ,1697212702
97,isafjordur,66.0755,-23.124,0.02,64,75,1.54,IS,1697212702
98,albany,42.6001,-73.9662,13.86,58,4,0.89,US,1697212702
99,tuburan,6.6439,122.2736,26.05,75,100,2.9,PH,1697212702
100,colesberg,-30.72,25.0972,17.15,29,1,7.62,ZA,1697212703
101,klaksvik,62.2266,-6.589,5.51,96,100,24.43,FO,1697212703
102,grand falls-windsor,48.9332,-55.6649,11.39,96,100,0.45,CA,1697212627
103,krasnozerskoye,53.9828,79.2374,6.67,38,15,5.99,RU,1697212703
104,mount gambier,-37.8333,140.7667,12.38,77,100,5.71,AU,1697212703
105,kununurra,-15.7667,128.7333,24.99,69,90,1.54,AU,1697212703
106,georgetown,5.4112,100.3354,28.96,89,40,3.13,MY,1697212622
107,greenville,35.6127,-77.3663,22.86,62,0,3.09,US,1697212168
108,tarija,-21.5355,-64.7296,14.95,58,100,2.06,BO,1697212704
109,lebu,-37.6167,-73.65,11.98,68,98,8.35,CL,1697212704
110,clewiston,26.7542,-80.9337,31.31,67,100,5.38,US,1697212474
111,kiunga,-6.1219,141.2906,23.36,99,100,1.12,PG,1697212704
112,otse,-25.0167,25.7333,26.59,7,0,4.8,BW,1697212704
113,mionica,44.8672,18.4631,23.38,46,89,1.53,BA,1697212704
114,susuman,62.7833,148.1667,-12.23,84,100,0.89,RU,1697212704
115,sainte-anne-des-monts,49.124,-66.4924,8.93,100,100,1.03,CA,1697212704
116,val-d'or,48.1002,-77.7828,7.05,93,100,4.12,CA,1697212704
117,ingeniero jacobacci,-41.3427,-69.5448,15.48,28,2,5.17,AR,1697212705
118,longyearbyen,78.2186,15.6401,0.91,80,75,4.12,SJ,1697212564
119,tazovsky,67.4667,78.7,0.56,81,100,7.0,RU,1697212705
120,utrik,11.2278,169.8474,28.18,79,30,5.78,MH,1697212705
121,heinola,61.2056,26.0381,7.22,91,100,2.38,FI,1697212705
122,borgarnes,64.5383,-21.9206,2.03,59,61,6.0,IS,1697212705
123,hithadhoo,-0.6,73.0833,27.49,78,43,4.56,MV,1697212705
124,gundlupet,11.8,76.6833,21.94,72,94,1.82,IN,1697212706
125,turpan,42.9333,89.1667,22.31,21,1,0.59,CN,1697212706
126,duminichi,53.9345,35.1099,9.68,82,6,2.38,RU,1697212706
127,kalmunai,7.4167,81.8167,25.7,86,82,4.98,LK,1697212706
128,bandon,51.7469,-8.7425,12.77,67,4,7.5,IE,1697212706
129,new norfolk,-42.7826,147.0587,10.72,91,100,4.57,AU,1697212548
130,ust-nera,64.5667,143.2,-12.1,95,100,2.24,RU,1697212706
131,vadso,70.0744,29.7487,1.49,80,40,1.54,NO,1697212706
132,daru,-9.0763,143.2092,24.89,91,99,6.52,PG,1697212707
133,kidal,18.4411,1.4078,37.76,8,11,4.69,ML,1697212707
134,debark',13.1561,37.8981,13.11,73,86,0.68,ET,1697212707
135,lesogorsk,56.0458,99.5136,2.74,95,100,6.26,RU,1697212707
136,deniliquin,-35.5333,144.9667,13.34,71,97,3.21,AU,1697212707
137,argo,37.6333,22.7333,18.77,46,0,1.0,GR,1697212707
138,villa la angostura,-40.7617,-71.6463,13.08,56,25,1.83,AR,1697212708
139,tanumah,27.1,44.1333,30.45,11,0,3.82,SA,1697212708
140,ambo,-10.1308,-76.2047,25.29,40,33,4.02,PE,1697212708
141,west island,-12.1568,96.8225,25.99,78,100,8.23,CC,1697212708
142,freetown,8.484,-13.2299,28.84,74,75,2.06,SL,1697212708
143,karayazi,39.7028,42.1456,8.9,48,16,0.41,TR,1697212708
144,pan de azucar,-34.8,-55.2333,15.95,51,0,4.63,UY,1697212708
145,karratha,-20.7377,116.8463,27.7,41,0,2.86,AU,1697212654
146,namie,37.4833,141.0,9.29,72,4,2.57,JP,1697212708
147,rio grande,-32.035,-52.0986,19.06,52,27,4.85,BR,1697212709
148,clarkston heights-vineland,46.3874,-117.083,12.89,80,0,2.06,US,1697212709
149,selfoss,63.9331,-20.9971,1.69,66,5,8.71,IS,1697212709
150,el nido,11.1858,119.3956,27.18,83,10,1.84,PH,1697212709
151,tralee,52.2704,-9.7026,12.14,62,0,5.66,IE,1697212709
152,ende,-8.8432,121.6623,24.6,84,72,1.03,ID,1697212709
153,ma'an,26.9775,110.7211,17.2,77,100,1.14,CN,1697212709
154,zhangye,38.9342,100.4517,11.8,39,23,2.26,CN,1697212710
155,west bay,19.3667,-81.4167,32.78,74,40,3.6,KY,1697212710
156,pimampiro,0.4,-77.9667,24.97,40,90,3.3,EC,1697212710
157,kailua-kona,19.6406,-155.9956,24.22,81,40,2.57,US,1697212710
158,la passe,45.5549,-0.8967,24.13,75,98,11.59,FR,1697212710
159,malango,-2.9627,119.9001,19.36,97,45,0.96,ID,1697212710
160,ancud,-41.8697,-73.8203,10.93,64,42,2.28,CL,1697212710
161,mabaruma,8.2,-59.7833,35.73,43,10,2.38,GY,1697212710
162,preobrazheniye,42.9019,133.9064,14.13,64,100,3.58,RU,1697212711
163,narvik,68.4384,17.4272,2.67,78,10,3.54,NO,1697212711
164,lashio,22.9333,97.75,18.07,99,11,0.65,MM,1697212711
165,nahiyat ash shinafiyah,31.5874,44.6602,33.88,20,91,4.57,IQ,1697212711
166,cill airne,52.05,-9.5167,12.03,62,0,5.66,IE,1697212511
167,nagyatad,46.2296,17.3579,21.6,54,35,2.85,HU,1697212711
168,ayaviri,-14.8864,-70.5889,16.58,29,48,2.29,PE,1697212711
169,east ballina,-28.8667,153.5833,16.56,66,49,1.57,AU,1697212712
170,badger,64.8,-147.5333,-0.07,87,100,0.0,US,1697212712
171,mangrol,21.1167,70.1167,27.88,79,10,4.16,IN,1697212712
172,vila franca do campo,37.7167,-25.4333,22.71,99,100,3.32,PT,1697212712
173,punta arenas,-53.15,-70.9167,9.06,53,0,15.95,CL,1697212712
174,dzhetygara,52.1908,61.2006,7.62,48,99,9.19,KZ,1697212712
175,celestun,20.8667,-90.4,32.08,66,26,2.24,MX,1697212712
176,nar'yan-mar,67.6713,53.087,1.17,76,100,4.02,RU,1697212713
177,port blair,11.6667,92.75,26.02,94,40,1.03,IN,1697212649
178,okhotsk,59.3833,143.3,-1.04,80,100,3.02,RU,1697212713
179,gornozavodsk,58.3758,58.3211,2.82,93,100,6.41,RU,1697212713
180,spokoynaya,44.2468,41.4015,11.02,35,19,0.41,RU,1697212713
181,nogliki,51.8333,143.1667,11.86,70,69,5.81,RU,1697212713
182,fallon,39.4735,-118.7774,5.93,70,0,1.54,US,1697212713
183,rampur,28.8167,79.0333,23.15,53,0,2.47,IN,1697212713
184,sanya,18.2431,109.505,26.09,83,0,2.0,CN,1697212714
185,xiangxiang,27.7333,112.5333,18.05,72,100,1.08,CN,1697212714
186,markovo,57.3206,107.0881,1.99,97,100,5.79,RU,1697212714
187,port alfred,-33.5906,26.891,15.66,96,91,2.68,ZA,1697212714
188,robertsport,6.7533,-11.3686,28.09,73,92,3.43,LR,1697212714
189,lompoc,34.6391,-120.4579,20.99,87,75,2.57,US,1697212714
190,iskateley,67.6803,53.1512,1.12,76,100,4.02,RU,1697212714
191,valday,57.9747,33.2525,8.35,87,55,7.6,RU,1697212714
192,bechar,31.6167,-2.2167,27.18,19,0,3.09,DZ,1697212715
193,mount pearl,47.5166,-52.7813,13.8,94,100,6.69,CA,1697212715
194,olonkinbyen,70.9221,-8.7187,-1.92,81,98,10.48,SJ,1697212715
195,howard springs,-12.497,131.047,27.95,75,33,1.71,AU,1697212715
196,sinabang,2.4803,96.3801,25.75,87,100,3.39,ID,1697212691
197,ciutadella,40.0011,3.8414,25.45,72,0,4.58,ES,1697212715
198,ulladulla,-35.35,150.4667,10.43,70,15,3.6,AU,1697212715
199,cockburn town,21.4612,-71.1419,31.98,66,40,3.09,TC,1697212716
200,armacao de buzios,-22.7469,-41.8817,27.03,85,95,7.89,BR,1697212716
201,college,64.8569,-147.8028,-0.03,83,100,0.0,US,1697212516
202,novodvinsk,64.4165,40.8122,4.32,94,100,6.19,RU,1697212716
203,marsa alam,25.0757,34.8918,27.39,64,0,5.44,EG,1697212716
204,kodiak,57.79,-152.4072,-3.27,93,0,3.09,US,1697212716
205,berezovyy,51.6667,135.7,9.68,70,99,3.52,RU,1697212716
206,berdigestyakh,62.0989,126.6992,-2.06,69,58,5.81,RU,1697212717
207,nagqu,31.5,92.0,-0.52,25,100,1.47,CN,1697212717
208,la'ie,21.6477,-157.9253,25.06,81,11,0.89,US,1697212717
209,hobyo,5.3505,48.5268,27.98,76,3,5.28,SO,1697212717
210,scone,56.4194,-3.4051,12.38,62,6,3.13,GB,1697212717
211,madaba,31.5833,35.6667,23.09,42,0,2.0,JO,1697212717
212,antonio enes,-16.2325,39.9086,26.32,77,100,8.64,MZ,1697212717
213,kapuskasing,49.4169,-82.4331,8.05,93,100,3.6,CA,1697212718
214,znamensk,48.5842,45.7338,11.2,44,100,3.97,RU,1697212718
215,happy valley-goose bay,53.3168,-60.3315,8.17,93,100,6.69,CA,1697212564
216,jwaneng,-24.6004,24.7303,27.07,8,0,5.61,BW,1697212718
217,ginir,7.1333,40.7,16.41,82,51,1.49,ET,1697212718
218,kurgan,55.45,65.3333,6.08,66,100,5.36,RU,1697212718
219,port augusta,-32.5,137.7667,12.74,90,7,4.01,AU,1697212718
220,dunedin,-45.8742,170.5036,12.67,47,100,1.34,NZ,1697212537
221,south hedland,-20.4089,118.5983,23.96,53,0,1.54,AU,1697212719
222,northam,51.0333,-4.2167,12.44,93,100,10.22,GB,1697212719
223,popondetta,-8.7537,148.2534,22.81,98,14,1.15,PG,1697212522
224,narasannapeta,18.4167,84.05,27.13,76,44,1.74,IN,1697212719
225,port mathurin,-19.6833,63.4167,22.73,75,33,5.72,MU,1697212719
226,shalqar,47.8333,59.6,10.05,48,69,3.68,KZ,1697212719
227,tonj,7.2737,28.6822,24.98,79,79,0.65,SS,1697212719
228,hong kong,22.2855,114.1577,26.88,71,100,4.02,HK,1697212719
229,kalinkavichy,52.1323,29.3257,10.52,57,20,1.97,BY,1697212720
230,ola,59.5833,151.2833,-1.99,55,91,2.97,RU,1697212623
231,posto fiscal rolim de moura,-13.0833,-62.2667,38.51,34,16,1.25,BR,1697212720
232,la libertad,-2.2333,-80.9,25.81,78,75,3.6,EC,1697212720
233,weiser,44.251,-116.9693,9.62,80,95,1.16,US,1697212720
234,murzuq,25.9155,13.9184,28.56,20,0,2.31,LY,1697212720
235,fort bragg,35.139,-79.006,24.9,68,0,3.6,US,1697212720
236,tashla,51.7716,52.7427,11.09,55,100,8.33,RU,1697212721
237,sisimiut,66.9395,-53.6735,2.45,72,100,6.16,GL,1697212721
238,vila velha,-20.3297,-40.2925,32.97,49,0,6.69,BR,1697212563
239,chongoyape,-6.6406,-79.3892,28.81,52,62,3.63,PE,1697212721
240,colonia,50.9333,6.95,23.87,56,0,4.63,DE,1697212575
241,shippensburg,40.0507,-77.5203,17.88,47,2,1.34,US,1697212721
242,talnakh,69.4865,88.3972,-0.44,97,97,2.38,RU,1697212626
243,semirom,31.4167,51.5667,15.55,26,30,3.45,IR,1697212721
244,high river,50.5834,-113.8687,6.0,96,95,5.49,CA,1697212721
245,kamina,-8.7386,24.9906,20.4,92,42,2.41,CD,1697212722
246,aioun,16.6614,-9.6149,39.22,14,64,4.28,MR,1697212722
247,waingapu,-9.6567,120.2641,25.76,82,31,3.41,ID,1697212722
248,saipan,15.1355,145.701,27.39,94,40,2.57,MP,1697212722
249,sabang,5.8933,95.3214,27.81,76,84,2.67,ID,1697212722
250,marksville,31.128,-92.0662,22.7,62,21,2.21,US,1697212722
251,fort st. john,56.2499,-120.8529,1.94,100,20,1.54,CA,1697212722
252,ariquemes,-9.9133,-63.0408,40.78,25,11,1.4,BR,1697212652
253,glace bay,46.1969,-59.957,16.82,84,75,2.24,CA,1697212723
254,qamdo,31.1667,97.2333,-2.09,27,1,0.65,CN,1697212723
255,buala,-8.145,159.5921,25.56,88,69,2.19,SB,1697212723
256,floro,61.5996,5.0328,9.04,87,75,7.72,NO,1697212723
257,coquimbo,-29.9533,-71.3436,15.85,77,40,7.2,CL,1697212724
258,namibe,-15.1961,12.1522,20.49,72,21,4.06,AO,1697212583
259,hadibu,12.65,54.0333,27.77,74,60,2.84,YE,1697212724
260,olinda,-8.0089,-34.8553,29.85,66,40,5.66,BR,1697212479
261,humaita,-7.5061,-63.0208,42.01,23,15,1.28,BR,1697212724
262,rice lake,45.5061,-91.7382,8.82,93,100,7.72,US,1697212724
263,praia da vitoria,38.7333,-27.0667,21.53,83,40,3.38,PT,1697212724
264,san antonio,29.4241,-98.4936,27.06,81,100,2.06,US,1697212435
265,byron bay,-28.65,153.6167,16.51,70,91,2.21,AU,1697212667
266,mo i rana,66.3128,14.1428,6.26,61,75,6.71,NO,1697212725
267,dakhla,23.6848,-15.958,30.01,39,3,6.69,EH,1697212725
268,salym,60.0625,71.4789,4.68,89,100,4.99,RU,1697212502
269,lihue,21.9789,-159.3672,22.58,94,0,3.09,US,1697212669
270,falkenberg,56.9055,12.4912,15.14,100,100,13.77,SE,1697212725
271,chimore,-16.9833,-65.1333,22.42,53,99,1.21,BO,1697212725
272,mata-utu,-13.2816,-176.1745,27.37,81,9,8.58,WF,1697212725
273,boa vista,2.8197,-60.6733,34.99,41,20,3.09,BR,1697212520
274,petauke,-14.2426,31.3253,32.25,18,7,0.75,ZM,1697212726
275,dali,25.7,100.1833,13.04,92,29,1.13,CN,1697212726
276,isiro,2.7739,27.616,24.39,78,51,1.86,CD,1697212726
277,lospalos,-8.5186,127.0025,22.18,88,49,1.8,TL,1697212726
278,khanpur,28.6453,70.6567,30.84,24,0,5.0,PK,1697212726
279,quixada,-4.9714,-39.0153,36.87,25,3,3.42,BR,1697212726
280,keflavik,64.0049,-22.5624,2.24,60,75,9.77,IS,1697212726
281,weno,7.4515,151.8468,27.83,78,100,3.88,FM,1697212726
282,nizhneudinsk,54.9076,99.0276,5.01,78,99,9.39,RU,1697212727
283,mansoa,12.0733,-15.3189,30.11,89,100,2.04,GW,1697212727
284,neiafu,-18.65,-173.9833,24.38,78,40,2.57,TO,1697212727
285,pisco,-13.7,-76.2167,21.03,73,0,3.6,PE,1697212485
286,svatove,49.4103,38.1503,10.8,93,87,2.37,UA,1697212727
287,astaneh-ye ashrafiyeh,37.2596,49.9444,16.96,85,22,1.27,IR,1697212504
288,rohtak,28.9,76.5667,28.25,24,0,1.49,IN,1697212727
289,lanja,16.85,73.55,24.64,85,97,1.11,IN,1697212728
290,east london,-33.0153,27.9116,18.52,77,75,11.83,ZA,1697212728
291,vanino,49.0869,140.2543,13.85,63,81,3.54,RU,1697212728
292,berberati,4.2612,15.7922,27.21,72,68,0.86,CF,1697212728
293,lenino,45.2986,35.7771,15.77,57,98,2.4,UA,1697212728
294,ponot,8.452,123.0222,26.32,86,100,1.76,PH,1697212728
295,severobaykal'sk,55.65,109.3167,6.95,78,100,7.37,RU,1697212728
296,gobabis,-22.45,18.9667,31.85,7,0,8.41,NA,1697212728
297,luderitz,-26.6481,15.1594,18.93,61,0,11.58,NA,1697212729
298,sumbawa besar,-8.5,117.4333,23.33,83,47,2.19,ID,1697212729
299,murphysboro,37.7645,-89.3351,21.97,71,91,5.94,US,1697212729
300,ponta delgada,37.7333,-25.6667,22.88,88,75,6.17,PT,1697212729
301,loukhi,66.0764,33.0381,2.55,76,38,3.85,RU,1697212729
302,tlahualilo de zaragoza,26.1167,-103.45,26.42,40,33,3.54,MX,1697212729
303,saldanha,-33.0117,17.9442,19.03,76,18,5.53,ZA,1697212729
304,saint-francois,46.4154,3.9054,28.69,36,0,3.6,FR,1697212494
305,pusztaszabolcs,47.1372,18.767,25.21,43,72,2.65,HU,1697212730
306,mili,6.0815,171.735,28.34,72,52,1.89,MH,1697212730
307,gurupi,-11.7292,-49.0686,40.73,14,15,3.71,BR,1697212730
308,zayed city,24.3768,54.589,33.89,60,0,4.12,AE,1697212730
309,sandnessjoen,66.0217,12.6316,8.06,57,40,5.66,NO,1697212730
310,nova vicosa,-17.8919,-39.3719,29.68,59,45,7.87,BR,1697212729
311,cidreira,-30.1811,-50.2056,16.45,62,43,4.47,BR,1697212730
312,sao joao da barra,-21.6403,-41.0511,28.05,77,96,6.29,BR,1697212731
313,cacheu,12.2706,-16.1658,32.05,69,100,2.7,GW,1697212533
314,la ronge,55.1001,-105.2842,8.14,87,75,1.54,CA,1697212731
315,chinoz,40.9364,68.7697,9.27,65,79,2.0,UZ,1697212731
316,laminusa,5.5549,120.9136,28.39,73,26,2.9,PH,1697212731
317,ujae,8.9322,165.7642,28.32,75,100,3.63,MH,1697212731
318,ludington,43.9553,-86.4526,9.89,95,100,3.6,US,1697212648
319,vorkuta,67.5,64.0,-0.7,76,100,2.87,RU,1697212731
320,broken hill,-31.95,141.4333,14.72,61,0,3.85,AU,1697212680
321,puerto baquerizo moreno,-0.9,-89.6,25.55,83,75,4.63,EC,1697212732
322,horta,38.5333,-28.6333,18.8,92,75,5.14,PT,1697212732
323,buulobarde,3.8538,45.5674,30.59,55,100,6.04,SO,1697212732
324,kerikeri,-35.2268,173.9474,9.39,91,11,1.92,NZ,1697212732
325,kalymnos,36.95,26.9833,22.74,64,0,4.63,GR,1697212637
326,baki,-7.6128,110.7839,26.11,73,99,2.14,ID,1697212732
327,trincomalee,8.5711,81.2335,26.45,82,42,2.6,LK,1697212732
328,suva,-18.1416,178.4415,23.71,88,75,0.0,FJ,1697212732
329,sabaneta,6.15,-75.6,26.14,66,40,3.6,CO,1697212733
330,alappuzha,9.49,76.3264,26.0,88,98,1.55,IN,1697212733
331,emerald,-23.5333,148.1667,21.86,19,11,7.55,AU,1697212733
332,margate,51.3813,1.3862,19.94,73,100,3.58,GB,1697212549
333,zhangjiakou shi xuanhua qu,40.6103,115.0447,10.96,48,0,2.22,CN,1697212733
334,gogrial,8.5332,28.1004,26.44,71,64,2.53,SS,1697212733
335,anloga,5.7947,0.8973,27.66,79,100,4.54,GH,1697212733
336,letterkenny,54.95,-7.7333,11.96,70,73,6.49,IE,1697212733
337,tadmur,34.5608,38.2805,25.89,30,0,1.16,SY,1697212734
338,afaahiti,-17.75,-149.2833,21.93,77,43,7.17,PF,1697212734
339,buka,40.8108,69.1986,8.05,70,60,2.66,UZ,1697212734
340,kulhudhuffushi,6.6221,73.07,27.33,80,100,5.21,MV,1697212734
341,lagunillas,10.1301,-71.2595,32.25,62,98,3.66,VE,1697212734
342,kruisfontein,-34.0033,24.7314,14.66,83,80,4.23,ZA,1697212734
343,laojunmiao,39.8333,97.7333,8.48,29,0,1.65,CN,1697212734
344,polyarnyy,69.1989,33.4478,2.09,79,87,3.05,RU,1697212527
345,vernon,50.2581,-119.2691,9.61,93,9,0.51,CA,1697212588
346,dudinka,69.4058,86.1778,1.49,93,100,6.71,RU,1697212735
347,san andres,12.5847,-81.7006,33.01,66,20,2.06,CO,1697212735
348,touros,-5.1989,-35.4608,29.97,62,1,7.19,BR,1697212735
349,nefteyugansk,61.0998,72.6035,2.2,89,100,4.47,RU,1697212735
350,carnarvon,-24.8667,113.6333,25.0,53,49,6.21,AU,1697212735
351,coahuayana de hidalgo,18.7,-103.6583,28.55,73,1,1.01,MX,1697212736
352,san rafael del yuma,18.4299,-68.6739,31.76,60,98,2.32,DO,1697212736
353,puerto santa,-8.9906,-78.6456,20.58,79,23,3.74,PE,1697212736
354,chonchi,-42.6128,-73.8092,13.4,65,94,1.85,CL,1697212736
355,grand-lahou,5.1367,-5.0242,27.16,78,95,3.51,CI,1697212736
356,vilyuysk,63.7553,121.6247,-2.68,82,87,4.92,RU,1697212475
357,crane,31.3974,-102.3501,22.24,11,0,7.03,US,1697212736
358,san jose,37.3394,-121.895,20.28,52,40,0.89,US,1697212467
359,boca do acre,-8.7522,-67.3978,37.77,33,100,1.14,BR,1697212737
360,batie,9.8833,-2.9167,31.79,58,86,2.63,BF,1697212737
361,oranjemund,-28.55,16.4333,16.42,69,5,10.79,NA,1697212737
362,saynshand,44.8824,110.1163,10.33,34,0,4.09,MN,1697212737
363,volksrust,-27.3654,29.8818,19.93,13,0,3.16,ZA,1697212737
364,zaxo,37.1482,42.7001,25.33,32,0,0.58,IQ,1697212737
365,kolonia,50.9333,6.95,23.87,56,0,4.63,DE,1697212575
366,sola,-13.8833,167.55,26.0,80,100,7.94,VU,1697212737
367,sines,37.9562,-8.8698,22.38,82,100,3.13,PT,1697212738
368,shingu,33.7333,135.9833,15.77,84,60,2.03,JP,1697212738
369,zaragoza,41.6561,-0.8773,29.69,28,0,3.09,ES,1697212466
370,jijiga,9.35,42.8,22.91,49,67,7.9,ET,1697212738
371,port saint john's,-31.6229,29.5448,21.4,57,10,9.68,ZA,1697212490
372,choyr,46.3611,108.3611,7.46,39,0,2.45,MN,1697212738
373,st. john's,47.5649,-52.7093,14.26,95,100,6.69,CA,1697212726
374,bodden town,19.2833,-81.25,32.74,70,40,3.6,KY,1697212738
375,mooloolaba,-26.6833,153.1167,18.39,82,6,3.56,AU,1697212738
376,bouarfa,32.53,-1.95,24.41,17,0,0.58,MA,1697212739
377,burela de cabo,43.65,-7.4,18.98,86,100,4.65,ES,1697212739
378,yemva,62.59,50.8594,5.59,94,100,4.47,RU,1697212739
379,fale old settlement,-9.3852,-171.2468,28.4,72,76,10.63,TK,1697212739
380,zhezqazghan,47.7833,67.7667,7.39,35,0,4.01,KZ,1697212739
381,san patricio,28.017,-97.5169,30.48,67,0,2.5,US,1697212739
382,bensonville,6.4461,-10.6125,31.75,88,100,2.32,LR,1697212504
383,illizi,26.4833,8.4667,33.89,14,12,5.23,DZ,1697212739
384,vuktyl,63.8567,57.3094,2.84,97,92,4.47,RU,1697212740
385,songea,-10.6833,35.65,28.09,27,68,3.21,TZ,1697212740
386,barra de santo antonio,-9.4047,-35.5072,30.6,69,27,5.35,BR,1697212525
387,aykhal,66.0,111.5,-4.41,78,98,4.92,RU,1697212740
388,ketchikan,55.3422,-131.6461,9.26,93,20,3.09,US,1697212740
389,bandarbeyla,9.4942,50.8122,27.04,83,2,3.55,SO,1697212740
390,kapa'a,22.0752,-159.319,22.99,94,0,3.09,US,1697212740
391,orchard homes,46.8633,-114.0484,10.71,83,0,0.89,US,1697212741
392,concordia,-31.393,-58.0209,16.55,50,0,3.13,AR,1697212741
393,clodomira,-27.5744,-64.1311,22.99,19,1,3.67,AR,1697212741
394,labytnangi,66.6572,66.4183,0.14,99,100,1.92,RU,1697212741
395,bulayevo,54.9056,70.4439,9.55,39,100,7.53,KZ,1697212741
396,benguela,-12.5763,13.4055,24.88,75,43,2.74,AO,1697212741
397,pitanga,-24.7572,-51.7614,15.0,96,100,2.67,BR,1697212741
398,tashtyp,52.7939,89.8983,3.91,88,61,0.88,RU,1697212741
399,tolanaro,-25.0319,46.9987,25.04,83,20,7.2,MG,1697212741
400,balotra,25.8333,72.2333,31.37,34,1,4.16,IN,1697212742
401,chegdomyn,51.1167,133.0167,7.4,78,33,2.24,RU,1697212742
402,aripuana,-9.1667,-60.6333,40.58,25,15,1.29,BR,1697212742
403,pangody,65.85,74.4859,0.78,98,100,6.05,RU,1697212742
404,uliastay,47.7417,96.8444,6.4,38,74,2.17,MN,1697212742
405,murun-kuren,49.6342,100.1625,8.88,41,82,2.25,MN,1697212742
406,abreus,22.2775,-80.5675,33.25,49,100,4.73,CU,1697212742
407,lampazos de naranjo,27.0167,-100.5167,29.05,49,0,3.01,MX,1697212743
408,ko pha ngan,9.7578,100.0291,27.38,72,61,1.47,TH,1697212743
409,bonthe,7.5264,-12.505,27.83,76,72,2.74,SL,1697212743
410,troitsko-pechorsk,62.7084,56.1964,5.94,85,99,5.36,RU,1697212743
411,fontana,34.0922,-117.4351,24.23,44,20,0.0,US,1697212743
412,ha tinh,18.3333,105.9,23.41,92,100,1.02,VN,1697212743
413,anadyr,64.75,177.4833,1.28,86,20,3.0,RU,1697212743
414,yar,58.249,52.1026,6.9,77,82,7.92,RU,1697212743
415,abatskoye,56.2875,70.4555,6.81,58,100,6.99,RU,1697212744
416,smidovich,48.6,133.8167,10.87,60,45,5.42,RU,1697212744
417,san juan,-31.5375,-68.5364,22.3,20,0,3.31,AR,1697212483
418,castillos,-34.1667,-53.8333,14.74,46,0,3.03,UY,1697212744
419,slave lake,55.2834,-114.769,3.99,100,100,6.17,CA,1697212471
420,jieshi,22.8134,115.8257,24.46,79,66,2.13,CN,1697212744
421,camacupa,-12.0167,17.4833,28.33,29,97,3.93,AO,1697212745
422,pimenta bueno,-11.6725,-61.1936,41.65,25,55,0.68,BR,1697212745
423,ust'-ilimsk,58.0006,102.6619,4.13,75,100,3.13,RU,1697212722
424,inarajan village,13.2736,144.7484,26.54,92,100,4.13,GU,1697212745
425,angaur state,6.906,134.13,28.21,79,100,4.57,PW,1697212745
426,mundri,-6.9558,111.71,26.09,72,88,2.12,ID,1697212745
427,chinde,26.8418,88.0763,15.59,85,16,1.95,NP,1697212745
428,mexia,31.6799,-96.4822,25.81,84,100,6.69,US,1697212745
429,ambovombe,-25.1667,46.0833,24.35,82,10,2.34,MG,1697212746
430,codrington,-38.2667,141.9667,12.83,80,100,7.73,AU,1697212746
431,keningau,5.3378,116.1602,22.92,97,99,0.5,MY,1697212746
432,labrador city,52.9463,-66.9114,7.95,93,100,4.63,CA,1697212746
433,sturgeon bay,44.8342,-87.377,11.22,87,100,3.6,US,1697212746
434,nanuque,-17.8392,-40.3539,35.42,26,100,2.37,BR,1697212732
435,ta`u,-14.2336,-169.5144,26.67,75,86,8.97,AS,1697212746
436,prince albert,53.2001,-105.7677,6.97,81,75,4.63,CA,1697212746
437,sasovo,54.3537,41.9199,10.68,54,4,7.15,RU,1697212747
438,mumford,5.2618,-0.759,26.72,82,77,4.86,GH,1697212747
439,bardai,11.65,7.2333,32.55,33,96,3.84,NG,1697212747
440,sibiti,-3.6819,13.3499,25.16,82,88,1.43,CG,1697212748
441,hammerfest,70.6634,23.6821,1.25,93,40,1.54,NO,1697212748
442,lieksa,63.3167,30.0167,3.76,80,73,3.57,FI,1697212748
443,kas,36.2018,29.6377,22.56,75,0,3.32,TR,1697212748
444,belogorsk,50.9158,128.4611,8.82,69,1,2.51,RU,1697212748
445,lerwick,60.1545,-1.1494,8.0,74,85,10.04,GB,1697212748
446,revda,56.801,59.9303,2.71,95,100,7.02,RU,1697212748
447,el granada,37.5027,-122.4694,18.6,69,20,0.0,US,1697212749
448,jaromer,50.3562,15.9214,22.78,70,100,2.09,CZ,1697212749
449,woolgoolga,-30.1106,153.2007,12.8,79,0,2.7,AU,1697212749
450,nova sintra,14.8667,-24.7167,24.41,76,56,2.93,CV,1697212749
451,shizunai-furukawacho,42.3339,142.3669,13.12,80,0,3.28,JP,1697212749
452,tsiombe,-25.3,45.4833,25.24,76,16,2.6,MG,1697212749
453,ubari,26.5921,12.7805,29.03,19,0,3.82,LY,1697212750
454,muravlenko,63.7898,74.523,1.68,98,100,7.08,RU,1697212750
455,tutoia,-2.7619,-42.2744,30.79,57,8,7.05,BR,1697212462
456,dili,-8.5586,125.5736,26.36,69,6,1.53,TL,1697212750
457,yuncheng,35.0231,110.9928,15.92,66,54,1.88,CN,1697212750
458,santa cruz de tenerife,28.4682,-16.2546,35.78,15,0,3.6,ES,1697212750
459,lorengau,-2.0226,147.2712,27.36,81,16,2.36,PG,1697212619
460,feijo,-8.1642,-70.3536,30.8,54,100,0.37,BR,1697212750
461,yemetsk,63.4721,41.7941,4.3,82,100,5.78,RU,1697212751
462,bako,5.7833,36.5667,20.06,78,86,1.8,ET,1697212751
463,les avirons,-21.2418,55.3394,22.05,64,20,4.12,RE,1697212751
464,dhamtari,20.7072,81.5497,23.61,68,26,1.73,IN,1697212751
465,bathsheba,13.2167,-59.5167,31.34,62,20,5.14,BB,1697212751
466,hengchun,22.0042,120.7439,25.54,77,96,4.9,TW,1697212751
467,sao domingos do prata,-19.865,-42.9683,36.71,29,98,1.05,BR,1697212751
468,rawson,-43.3002,-65.1023,20.16,19,0,7.72,AR,1697212752
469,coyhaique,-45.5752,-72.0662,10.97,54,20,2.06,CL,1697212752
470,hasaki,35.7333,140.8333,12.22,59,26,4.82,JP,1697212752
471,colon,9.3592,-79.9014,28.88,79,14,2.24,PA,1697212752
472,brokopondo,4.75,-55.1667,32.25,51,100,0.26,SR,1697212752
473,kilindoni,-7.9139,39.6668,26.07,77,58,5.43,TZ,1697212752
474,raichur,16.2,77.3667,27.96,50,87,3.96,IN,1697212752
475,atafu village,-8.5421,-172.5159,28.6,74,91,9.82,TK,1697212752
476,shevchenkove,49.6959,37.1735,11.74,88,66,2.99,UA,1697212753
477,kayangel,8.0823,134.7173,28.29,78,79,6.27,PW,1697212753
478,port lincoln,-34.7333,135.8667,13.96,75,82,6.55,AU,1697212753
479,tangshan,39.6333,118.1833,12.92,52,13,0.77,CN,1697212753
480,leh,34.1667,77.5833,8.29,28,2,2.13,IN,1697212753
481,hastings,50.8552,0.5729,19.99,30,100,10.03,GB,1697212753
482,nguigmi,14.2495,13.1092,35.8,22,5,2.9,NE,1697212754
483,kralendijk,12.15,-68.2667,32.99,62,40,6.17,BQ,1697212744
484,nyurba,63.2842,118.3319,-3.27,51,87,1.79,RU,1697212754
485,keelung,25.1283,121.7419,25.03,77,1,2.09,TW,1697212754
486,coolum beach,-26.5333,153.1,16.88,74,4,3.06,AU,1697212754
487,peterhead,57.5058,-1.7981,12.22,66,8,14.47,GB,1697212754
488,grand gaube,-20.0064,57.6608,23.22,66,38,4.84,MU,1697212754
489,merizo village,13.2658,144.6691,26.31,92,100,4.66,GU,1697212754
490,mugia,43.1041,-9.2179,19.39,84,19,1.61,ES,1697212754
491,corabia,43.7833,24.5,26.32,38,86,0.44,RO,1697212755
492,nazyvayevsk,55.5698,71.3529,8.84,43,100,7.49,RU,1697212755
493,curuca,-0.7289,-47.8481,33.93,48,95,4.93,BR,1697212755
494,meadow lakes,61.6247,-149.6011,2.75,96,100,0.0,US,1697212755
495,tierra blanca,14.5833,-88.5833,25.81,53,57,1.61,HN,1697212755
496,banda aceh,5.5577,95.3222,26.8,82,81,1.7,ID,1697212755
497,sao vicente,-23.9631,-46.3919,22.1,62,100,3.6,BR,1697212755
498,punta de bombon,-17.1717,-71.7931,19.84,76,85,4.0,PE,1697212756
499,jiuquan,39.7432,98.5174,12.9,24,2,2.72,CN,1697212756
500,howrah,22.5892,88.3103,28.0,69,20,0.0,IN,1697212756
501,dubbo,-32.25,148.6167,12.07,62,1,3.6,AU,1697212756
502,villa juarez,24.6536,-107.5411,28.14,69,40,2.57,MX,1697212756
503,sierra grande,-41.606,-65.3557,18.68,25,21,7.2,AR,1697212756
504,pasan,22.85,82.2,22.7,58,13,0.68,IN,1697212756
505,ulaangom,49.9811,92.0667,10.23,55,100,0.73,MN,1697212756
506,alofi,-19.0595,-169.9187,21.94,88,91,1.03,NU,1697212756
507,yanchep,-31.55,115.6833,23.07,40,0,4.04,AU,1697212757
508,lucas,41.6501,-83.6666,15.98,76,100,6.69,US,1697212757
509,pop,40.8736,71.1089,9.27,55,100,4.31,UZ,1697212757
510,zalingei,12.9096,23.4741,32.06,22,39,5.44,SD,1697212757
511,el casar,38.5309,-5.9251,27.77,24,100,5.33,ES,1697212757
512,partenit,44.578,34.3446,15.3,68,92,1.43,UA,1697212757
513,krasnoarmeyskaya,45.3661,38.2117,13.14,54,43,2.59,RU,1697212757
514,kraluv dvur,49.9498,14.0345,25.32,41,89,3.03,CZ,1697212758
515,bokovskaya,49.229,41.8306,12.14,65,100,3.79,RU,1697212758
516,san rafael del sur,11.8485,-86.4384,30.54,69,83,1.83,NI,1697212758
517,idaho falls,43.4666,-112.0341,7.43,90,0,1.54,US,1697212758
518,christchurch,-43.5333,172.6333,14.62,48,20,4.63,NZ,1697212490
519,alvaraes,-3.2208,-64.8042,27.93,25,13,1.47,BR,1697212758
520,kosh-agach,50.0,88.6667,8.5,54,100,2.24,RU,1697212758
521,aligudarz,33.4006,49.6949,17.55,33,50,3.84,IR,1697212759
522,surovikino,48.6078,42.8486,12.78,58,100,3.69,RU,1697212759
523,bom jardim,-7.7958,-35.5872,33.43,37,37,7.65,BR,1697212759
524,moyynkum,44.2914,72.9469,8.6,67,100,9.0,KZ,1697212759
525,zapala,-38.8992,-70.0544,15.22,24,95,2.2,AR,1697212671
526,talara,-4.5772,-81.2719,26.42,61,0,8.75,PE,1697212759
527,yaya,56.206,86.44,5.62,60,48,6.1,RU,1697212759
528,richards bay,-28.783,32.0377,20.12,74,2,2.14,ZA,1697212759
529,papao,-17.75,-149.55,22.82,77,47,8.2,PF,1697212760
530,nabire,-3.3667,135.4833,25.06,92,100,1.23,ID,1697212760
531,saint-pierre,-21.3393,55.4781,23.82,64,20,4.12,RE,1697212613
532,el hadjira,32.6134,5.5126,30.31,18,0,4.92,DZ,1697212760
533,chisec,15.8167,-90.2833,32.13,60,57,1.07,GT,1697212760
534,san matias,-16.3667,-58.4,34.41,32,20,3.31,BO,1697212467
535,jawf al maqbabah,13.8378,45.8349,24.67,73,6,2.5,YE,1697212760
536,torzhok,57.0436,34.9622,7.71,75,32,3.56,RU,1697212760
537,mesquite,32.7668,-96.5992,26.4,72,87,2.24,US,1697212659
538,haiku-pauwela,20.9219,-156.3051,24.47,86,11,4.57,US,1697212761
539,riberalta,-10.9833,-66.1,31.11,66,74,3.09,BO,1697212761
540,sorong,-0.8833,131.25,26.53,89,100,3.47,ID,1697212562
541,aleg,17.0481,-13.9209,37.48,28,60,2.28,MR,1697212761
542,yala,6.3333,101.25,24.9,93,94,0.87,TH,1697212761
543,sol'-iletsk,51.1631,54.9918,10.47,52,100,9.39,RU,1697212761
544,bamboo flat,11.7,92.7167,26.05,94,40,1.03,IN,1697212761
545,guanica,17.9716,-66.908,33.61,68,84,4.59,PR,1697212762
546,ambalangoda,6.2355,80.0538,25.45,87,97,2.93,LK,1697212762
547,pitimbu,-7.4706,-34.8086,30.33,70,29,5.71,BR,1697212762
548,yigo village,13.5361,144.8886,25.62,90,0,3.6,GU,1697212762
549,quellon,-43.1167,-73.6167,10.39,65,70,2.73,CL,1697212762
550,duong dong,10.2167,103.9667,26.0,94,40,1.03,VN,1697212762
551,nemuro,43.3236,145.575,13.25,70,0,2.62,JP,1697212582
552,kotido,2.9806,34.1331,29.35,32,97,5.32,UG,1697212763
553,key west,24.5557,-81.7826,32.0,74,0,6.17,US,1697212654
554,tidjikja,18.5564,-11.4271,37.62,15,29,3.75,MR,1697212686
555,gannat,46.1002,3.1989,27.88,32,30,5.69,FR,1697212763
556,tonnerre,47.8563,3.9737,28.07,27,41,7.58,FR,1697212763
557,fish town,5.1964,-7.8756,24.02,95,100,1.81,LR,1697212763
558,mandal,25.45,74.5667,28.23,40,53,3.29,IN,1697212480
559,tromso,69.6496,18.957,2.01,80,40,1.54,NO,1697212360
560,sikasso,10.9167,-7.0,31.98,53,76,1.39,ML,1697212764
561,nema,57.5067,50.5011,7.35,78,64,6.62,RU,1697212764
562,miahuatlan de porfirio diaz,16.3333,-96.6,23.69,53,100,0.89,MX,1697212764
563,thunder bay,48.4001,-89.3168,8.95,87,75,2.57,CA,1697212764
564,yakeshi,49.2833,120.7333,6.16,47,76,2.62,CN,1697212764
565,flin flon,54.7682,-101.865,8.91,81,100,0.0,CA,1697212764
566,cody,44.5263,-109.0565,6.06,87,100,0.0,US,1697212765
567,mulanje,-16.0316,35.5,32.09,22,31,2.95,MW,1697212765
568,kourou,5.1552,-52.6478,33.03,54,84,4.51,GF,1697212765
569,trancas,-26.2314,-65.2803,22.37,23,65,3.18,AR,1697212765
570,al jawf,29.5,38.75,28.23,22,0,4.44,SA,1697212765
571,wuhai,39.6647,106.8122,13.36,31,3,1.53,CN,1697212575
572,graham,47.0529,-122.2943,14.87,84,0,0.89,US,1697212765
573,middelburg,-25.7751,29.4648,26.68,12,0,5.76,ZA,1697212765
574,arauco,-37.2463,-73.3175,15.5,47,99,2.23,CL,1697212766
575,sawai madhopur,25.9833,76.3667,28.86,35,14,1.82,IN,1697212766
576,hola,51.5377,23.1902,18.1,76,100,3.73,PL,1697212766
577,luganville,-15.5333,167.1667,24.81,82,91,3.01,VU,1697212471
578,faya-largeau,17.9257,19.1043,36.63,12,0,5.91,TD,1697212492
579,hotan,37.0997,79.9269,17.17,16,38,2.45,CN,1697212766
580,kudahuvadhoo,2.6708,72.8944,27.75,71,90,4.17,MV,1697212766
581,maquoketa,42.0689,-90.6657,12.71,95,100,6.64,US,1697212767
582,walvis bay,-22.9575,14.5053,15.61,72,35,5.23,NA,1697212767
583,pindobacu,-10.7417,-40.3608,32.82,33,36,3.0,BR,1697212767
584,barah,13.7,30.3667,36.82,21,19,2.1,SD,1697212767
585,puerto san jose,13.9256,-90.8244,28.76,77,87,0.57,GT,1697212609
